Entidade / Tela,Campo / Atributo,Tipo de Dado,Restrições,Regra de Negócio / Tratamento,Ciclo de Vida do Dado
Login,e-mail,Texto,Não nulo,Deve estar cadastrado,"Inserção (Create), Consulta (Read), Atualização (Update), Exclusão (Delete)"
Login,senha,Texto,Não nulo,Mínimo 8 caracteres com hash criptografado,"Inserção (Create), Consulta (Read), Atualização (Update)"
Usuário,id_usuario,Inteiro,Chave primária (PK),O sistema deve cadastrar automaticamente,"Inserção (Create), Consulta (Read), Atualização (Update), Exclusão (Delete)"
Usuário,senha,Texto,Não nulo,Mínimo 8 caracteres com hash criptografado,"Inserção (Create), Consulta (Read), Atualização (Update)"
Usuário,nome,Texto,Não nulo,Nome completo do usuário,"Inserção (Create), Consulta (Read), Atualização (Update)"
Usuário,cpf,Texto,"Único, Não nulo","Pode haver .,-","Inserção (Create), Consulta (Read)"
Usuário,email,Texto,"Único, Não nulo",Utilizado para login e comunicação,"Inserção (Create), Atualização (Update), Consulta (Read)"
Usuário,cargo,Texto,Nulo,Define as permissões do usuário,"Inserção (Create), Consulta (Read), Atualização (Update)"
Usuário,criado_em,Data/Hora,Não nulo,Data e hora de criação do registro,"Inserção (Create), Consulta (Read)"
Hospital,id_hospital,Inteiro,Chave primária (PK),O sistema deve cadastrar automaticamente,"Inserção (Create), Consulta (Read), Atualização (Update), Exclusão (Delete)"
Hospital,nome,Texto,Não nulo,Nome oficial do hospital,"Inserção (Create), Consulta (Read), Atualização (Update)"
Hospital,cnpj,Texto,"Único, Não nulo",Deve ser único de cada hospital,"Inserção (Create), Consulta (Read)"
Hospital,endereco,Texto,Nulo,Endereço físico completo da unidade,"Inserção (Create), Consulta (Read), Atualização (Update)"
Hospital,telefone,Texto,Não nulo,Telefone principal de contato,"Inserção (Create), Atualização (Update), Consulta (Read)"
Hospital,email,Texto,Não nulo,E-mail de contato institucional,"Inserção (Create), Consulta (Read), Atualização (Update)"
Hospital,criado_em,Data/Hora,Não nulo,Data e hora de cadastro da unidade,"Inserção (Create), Consulta (Read)"
Paciente,id_paciente,Inteiro,Chave primária (PK),O sistema deve cadastrar automaticamente,"Inserção (Create), Consulta (Read), Atualização (Update), Exclusão (Delete)"
Paciente,nome,Texto,Não nulo,Nome completo do paciente,"Inserção (Create), Consulta (Read), Atualização (Update), Exclusão (Delete)"
Paciente,cpf,Texto,"Único, Não nulo","Dado do paciente, pode haver","Inserção (Create), Consulta (Read)"
Paciente,data_nascimento,Data,Não nulo,Data de nascimento do paciente,"Inserção (Create), Consulta (Read), Atualização (Update)"
Paciente,telefone,Texto,Não nulo,Telefone de contato do paciente ou responsável,"Inserção (Create), Consulta (Read), Atualização (Update)"
Paciente,tipo_sanguineo,Texto,Não nulo,Tipo sanguíneo e fator Rh,"Inserção (Create), Consulta (Read)"
Paciente,criado_em,Data/Hora,Não nulo,Data e hora do cadastro,"Inserção (Create), Consulta (Read)"
Médico,id_medico,Inteiro,Chave primária (PK),O sistema deve cadastrar automaticamente,"Inserção (Create), Consulta (Read), Atualização (Update), Exclusão (Delete)"
Médico,id_hospital,Inteiro,Chave estrangeira (FK),Referencia o hospital onde atua (NOT NULL),"Inserção (Create), Consulta (Read), Atualização (Update)"
Médico,nome,Texto,Não nulo,Nome completo do médico,"Inserção (Create), Consulta (Read), Atualização (Update)"
Médico,crm,Texto,"Único, Não nulo",Registro profissional exclusivo,"Inserção (Create), Consulta (Read)"
Médico,especialidade,Texto,Não nulo,Área de atuação médica,"Inserção (Create), Consulta (Read), Atualização (Update)"
Médico,criado_em,Data/Hora,Não nulo,Data e hora de criação do cadastro,"Inserção (Create), Consulta (Read)"
Cirurgia,id_cirurgia,Inteiro,Chave primária (PK),O sistema deve cadastrar automaticamente,"Inserção (Create), Consulta (Read), Atualização (Update), Exclusão (Delete)"
Cirurgia,nome,Texto,Não nulo,Nome ou procedimento cirúrgico,"Inserção (Create), Consulta (Read), Atualização (Update)"
Cirurgia,descricao,Texto,Não nulo,Detalhes e especificações da cirurgia,"Inserção (Create), Consulta (Read), Atualização (Update)"
Cirurgia,complexidade,Texto,Não nulo,Nível de complexidade (Baixa / Média / Alta),"Inserção (Create), Consulta (Read), Atualização (Update)"
Cirurgia,tempo_estimado,Hora,Não nulo,Duração estimada do procedimento,"Inserção (Create), Consulta (Read), Atualização (Update)"
Cirurgia,criado_em,Data/Hora,Não nulo,Data e hora do registro,"Inserção (Create), Consulta (Read)"
Recurso,id_recurso,Inteiro,Chave primária (PK),O sistema deve cadastrar automaticamente,"Inserção (Create), Consulta (Read), Atualização (Update), Exclusão (Delete)"
Recurso,id_hospital,Inteiro,Chave estrangeira (FK),Referencia o hospital proprietário (NOT NULL),"Inserção (Create), Consulta (Read), Atualização (Update)"
Recurso,nome,Texto,Não nulo,Nome do equipamento ou insumo,"Inserção (Create), Consulta (Read), Atualização (Update)"
Recurso,categoria,Texto,Não nulo,Categoria do recurso,"Inserção (Create), Consulta (Read), Atualização (Update)"
Recurso,quantidade,Inteiro,Não nulo,Atualizada conforme uso dos recursos,"Inserção (Create), Consulta (Read), Atualização (Update)"
Recurso,status,Texto,Não nulo,Estado atual (Disponível / Em Uso / Manutenção),"Inserção (Create), Consulta (Read), Atualização (Update)"
Recurso,criado_em,Data/Hora,Não nulo,Data e hora do cadastro,"Inserção (Create), Consulta (Read)"
Sala Cirúrgica,id_sala,Inteiro,Chave primária (PK),O sistema deve cadastrar automaticamente,"Inserção (Create), Consulta (Read), Atualização (Update), Exclusão (Delete)"
Sala Cirúrgica,id_hospital,Inteiro,Chave estrangeira (FK),Referencia o hospital da sala (NOT NULL),"Inserção (Create), Consulta (Read), Atualização (Update)"
Sala Cirúrgica,numero,Texto,Não nulo,Número ou identificador da sala,"Inserção (Create), Consulta (Read), Atualização (Update)"
Sala Cirúrgica,tipo,Texto,Não nulo,Tipo de sala,"Inserção (Create), Consulta (Read), Atualização (Update)"
Sala Cirúrgica,status,Texto,Não nulo,Situação da sala,"Inserção (Create), Consulta (Read), Atualização (Update)"
Sala Cirúrgica,criado_em,Data/Hora,Não nulo,Data e hora do registro,"Inserção (Create), Consulta (Read)"
Solicitação,id_solicitacao,Inteiro,Chave primária (PK),O sistema deve cadastrar automaticamente,"Inserção (Create), Consulta (Read), Atualização (Update), Exclusão (Delete)"
Solicitação,id_paciente,Inteiro,Chave estrangeira (FK),Referencia o paciente (NOT NULL),"Inserção (Create), Consulta (Read), Atualização (Update)"
Solicitação,id_hospital,Inteiro,Chave estrangeira (FK),Referencia o hospital da solicitação (NOT NULL),"Inserção (Create), Consulta (Read), Atualização (Update)"
Solicitação,id_medico,Inteiro,Chave estrangeira (FK),Referencia o médico solicitante,"Inserção (Create), Consulta (Read), Atualização (Update)"
Solicitação,id_cirurgia,Inteiro,Chave estrangeira (FK),Referencia o tipo de cirurgia,"Inserção (Create), Consulta (Read), Atualização (Update)"
Solicitação,data_solicitacao,Data,Não nulo,Data de abertura do pedido cirúrgico,"Inserção (Create), Consulta (Read)"
Solicitação,prioridade,Texto,Não nulo,Grau de urgência,"Inserção (Create), Consulta (Read), Atualização (Update)"
Solicitação,status,Texto,Não nulo,Status da solicitação,"Inserção (Create), Consulta (Read), Atualização (Update)"
Solicitação,criado_em,Data/Hora,Não nulo,Data e hora do registro,"Inserção (Create), Consulta (Read)"
Agendamento,id_agendamento,Inteiro,Chave primária (PK),Identifica a data e o agendamento,"Inserção (Create), Consulta (Read), Atualização (Update), Exclusão (Delete)"
Agendamento,id_solicitacao,Inteiro,Chave estrangeira (FK),Referencia a solicitação aprovada (NOT NULL),"Inserção (Create), Consulta (Read), Atualização (Update)"
Agendamento,id_sala,Inteiro,Chave estrangeira (FK),Referencia a sala cirúrgica reservada (NOT NULL),"Inserção (Create), Consulta (Read), Atualização (Update)"
Agendamento,data,Data,Não nulo,Data agendada para o procedimento,"Inserção (Create), Consulta (Read), Atualização (Update)"
Agendamento,hora,Hora,Não nulo,Horário de início do procedimento,"Inserção (Create), Consulta (Read), Atualização (Update)"
Agendamento,status,Texto,Não nulo,Status do agendamento,"Inserção (Create), Consulta (Read), Atualização (Update)"
Agendamento,criado_em,Data/Hora,Não nulo,Data e hora da criação da agenda,"Inserção (Create), Consulta (Read)"
Cirurgia Recurso,id_cirurgia,Inteiro,Chave primária (PK),Chave composta - Referencia a Cirurgia,"Inserção (Create), Consulta (Read), Exclusão (Delete)"
Cirurgia Recurso,id_recurso,Inteiro,Chave estrangeira (FK),Chave composta - Referencia o Recurso,"Inserção (Create), Exclusão (Delete), Consulta (Read)"
Cirurgia Recurso,quantidade_necessaria,Decimal,Não nulo,Quantidade necessária do recurso,"Inserção (Create), Atualização (Update), Consulta (Read)"
Cirurgia Recurso,criado_em,Data/Hora,Não nulo,Data e hora do vínculo,"Inserção (Create), Consulta (Read)"